{"_step":29,"_wandb":{"runtime":130},"Training loss":1.0410091671030968,"_timestamp":1.7322579710321136e+09,"_runtime":130.121757864}